{"cameraMode":{"drawMode":0,"name":"Shaded","section":"Shading Mode"},"sceneLighting":true,"audioPlay":false,"sceneViewState":{"m_AlwaysRefresh":false,"showFog":true,"showSkybox":true,"showFlares":true,"showImageEffects":true,"showParticleSystems":true,"showVisualEffectGraphs":true,"m_FxEnabled":true},"in2DMode":false,"pivot":{"x":-135.67723083496095,"y":-61.00151062011719,"z":127.70777130126953},"rotation":{"x":0.13062427937984467,"y":-0.3930308222770691,"z":0.05651596933603287,"w":0.9084593653678894},"size":102.78681945800781,"orthographic":false}