{"cameraMode":{"drawMode":0,"name":"Shaded","section":"Shading Mode"},"sceneLighting":true,"audioPlay":false,"sceneViewState":{"m_AlwaysRefresh":false,"showFog":true,"showSkybox":true,"showFlares":true,"showImageEffects":true,"showParticleSystems":true,"showVisualEffectGraphs":true,"m_FxEnabled":true},"in2DMode":false,"pivot":{"x":-5.368971824645996,"y":-2.3594589233398439,"z":9.053632736206055},"rotation":{"x":-0.011423278599977494,"y":-0.21432636678218842,"z":-0.0024935032706707718,"w":0.9767459034919739},"size":17.21908187866211,"orthographic":false}